{"cameraMode":{"drawMode":0,"name":"Shaded","section":"Shading Mode"},"sceneLighting":true,"audioPlay":false,"sceneViewState":{"m_AlwaysRefresh":false,"showFog":true,"showSkybox":true,"showFlares":true,"showImageEffects":true,"showParticleSystems":true,"showVisualEffectGraphs":true,"m_FxEnabled":true},"in2DMode":false,"pivot":{"x":1.4829787015914918,"y":1.3285033702850342,"z":0.02330303192138672},"rotation":{"x":0.03071562387049198,"y":-0.22094736993312837,"z":0.0069621410220861439,"w":0.9747772812843323},"size":2.062833309173584,"orthographic":false}